codi,nota
10120,5.000
11001,6.074
11002,10.682
11003,11.178
11004,11.446
11005,9.256
11006,11.790
11007,10.135
11010,9.516
11011,5.000
11012,9.736
11013,8.420
11014,8.972
11015,8.302
11017,8.862
11019,10.110
11021,5.000
11023,5.000
11024,11.034
11025,5.756
11026,5.000
11027,5.000
11029,5.000
11030,11.610
11032,6.362
11033,9.340
11034,5.000
11035,5.000
11037,10.714
11039,5.000
11040,5.000
11043,12.685
11044,12.430
11045,8.320
11046,9.022
11047,9.660
11049,9.234
11051,7.818
11054,9.054
11059,12.255
11060,8.500
11061,5.000
11062,10.084
11063,7.810
11064,10.956
11072,10.902
11073,11.290
11075,11.468
11076,8.924
11077,9.744
11081,11.404
11082,5.000
11083,12.500
11086,5.000
11090,9.388
11091,7.272
11093,8.672
11094,5.000
11095,10.424
11096,8.476
11097,11.086
11098,10.442
11099,8.172
11100,7.364
11101,10.536
11102,5.000
11103,9.230
11104,8.300
11105,5.000
11106,5.000
11107,5.000
11108,5.842
11109,5.976
11110,5.000
11111,5.000
11112,5.000
11113,5.000
11114,5.000
11115,5.824
11116,8.444
11117,9.094
11118,5.000
11119,12.812
11120,11.206
11121,8.790
11122,9.590
11123,11.870
11124,12.367
11125,8.076
21003,11.632
21008,10.342
21009,10.678
21010,11.934
21011,10.990
21012,10.989
21013,9.306
21014,9.732
21015,5.000
21016,8.512
21018,9.401
21019,8.522
21020,6.448
21021,9.118
21022,7.078
21025,7.167
21026,7.458
21030,7.410
21032,5.982
21033,6.872
21035,11.040
21037,6.616
21038,8.469
21039,5.000
21041,8.189
21042,8.023
21043,9.634
21044,10.679
21046,5.000
21048,9.052
21050,10.613
21051,5.000
21052,8.776
21054,5.000
21055,8.460
21056,7.734
21057,5.000
21059,5.000
21064,5.728
21065,5.000
21067,7.248
21068,9.796
21070,9.228
21071,9.182
21079,12.354
21081,9.766
21082,9.066
21083,11.822
21084,8.780
21085,10.855
21086,9.708
21087,9.780
21090,8.910
21095,10.952
21096,9.864
21097,11.056
21098,10.038
21099,9.214
21104,11.270
21105,9.358
21106,8.972
21107,5.000
21108,10.900
21109,9.970
21110,9.660
21111,10.848
21112,7.192
21113,5.000
21114,5.000
21115,7.952
21117,5.000
21118,9.455
21121,9.356
21122,10.972
21123,11.454
21124,5.926
21125,10.292
21126,7.692
21127,6.612
21128,8.878
21129,9.262
21131,7.957
21132,6.928
21134,5.000
21135,5.000
21136,5.000
21137,5.830
21138,8.870
21139,10.497
21140,5.000
21141,5.000
21142,5.000
21143,5.000
21144,5.000
21145,12.972
21146,5.000
21147,8.608
21148,5.000
21149,7.420
21150,9.444
21151,7.930
21152,5.000
21167,11.424
21168,11.600
21169,12.924
21170,11.484
21171,11.644
21172,8.096
21173,6.720
21174,5.000
21175,5.000
31004,7.703
31006,8.570
31010,7.290
31011,8.717
31015,9.374
31016,8.856
31022,10.894
31025,8.628
31027,9.954
31031,12.432
31037,8.834
31038,7.694
31040,12.552
31045,8.154
31049,8.926
31051,11.546
31052,8.692
31053,9.089
31054,9.314
31055,9.042
31059,10.008
31065,8.000
31067,12.406
31074,5.000
31076,8.494
31077,7.776
31078,9.838
31079,10.142
31083,5.000
31084,11.004
31085,10.970
31086,8.416
31087,7.500
31089,12.006
31091,10.424
31096,7.488
31097,6.906
31098,8.218
31099,9.550
31100,7.802
31103,9.846
31104,8.310
31105,8.200
31106,11.514
31111,10.752
31112,12.694
31113,11.482
31114,10.120
31115,10.724
31116,11.422
31121,5.000
31122,7.000
31123,10.971
31124,8.362
31125,5.000
31126,5.000
31127,5.000
31128,5.000
31129,5.000
31130,5.000
31131,5.000
31132,5.000
31133,5.000
31134,5.000
31135,5.000
31136,5.000
31137,5.000
31138,7.674
41002,11.670
41003,5.000
41004,11.564
41006,5.000
41008,10.906
41009,11.034
41010,9.344
41011,9.503
41013,10.920
41014,10.722
41021,9.389
41022,12.334
41023,5.000
41024,9.062
41025,10.800
41026,8.286
41029,7.766
41031,8.868
41034,11.970
41035,5.000
41036,7.160
41037,8.508
41038,8.125
41039,6.602
41040,5.000
41041,7.222
41042,12.106
41043,11.008
41047,7.010
41048,6.176
41050,10.482
41054,11.350
41055,8.606
41057,7.038
41058,12.534
41061,5.248
41062,5.000
41063,9.726
41065,11.714
41066,5.000
41067,11.862
41068,8.286
41069,9.900
41070,11.514
41071,11.742
41072,8.306
41073,5.000
41074,5.000
41075,5.000
41076,5.000
61003,7.974
61004,11.224
61005,9.971
61006,6.887
61007,9.189
61008,6.210
61009,6.708
61010,8.084
61011,5.000
61013,7.653
61014,6.196
61015,7.918
61016,8.474
61019,10.810
61020,9.726
61021,5.000
61028,5.000
61029,10.926
61030,12.344
61031,8.032
61033,5.000
61034,6.755
61035,10.056
61036,9.078
61037,9.848
61038,8.905
61039,11.624
61040,11.231
61042,5.000
61044,11.524
61046,10.080
61051,5.000
61053,7.666
61054,5.000
61055,5.000
61057,10.437
61058,5.000
61060,7.735
61061,7.614
61064,7.400
61065,9.870
61069,8.182
61070,9.520
61071,9.230
61072,6.486
61073,8.140
61074,7.872
61075,10.734
61076,8.192
61077,5.000
61078,5.000
61079,5.000
61080,5.000
61081,5.000
61082,10.176
61083,5.000
61084,12.295
71002,8.302
71003,5.000
71004,6.620
71005,10.382
71006,10.282
71007,9.706
71008,8.744
71009,8.166
71010,7.830
71011,9.008
71013,5.000
71014,7.188
71015,5.000
71016,10.806
71019,12.426
71021,9.060
71022,9.350
71023,9.882
71024,8.528
71026,7.384
71028,10.170
71029,5.000
71032,10.160
71033,7.310
71034,6.948
71037,7.466
71038,7.544
71039,8.310
71040,7.949
71041,8.653
71042,7.666
71043,9.964
71044,7.688
71045,8.426
71048,7.089
71049,5.000
71050,10.028
71053,9.552
71054,11.906
71055,9.210
71056,10.192
71058,8.958
71061,7.258
71062,5.000
71063,5.000
71064,10.068
71066,7.688
71068,5.000
71070,9.903
71072,5.000
71073,5.000
71074,5.000
71076,9.019
71077,6.088
71078,6.660
71079,9.532
71080,6.481
71081,11.920
71082,7.604
71083,8.654
71084,10.066
71085,5.000
71086,6.333
71087,9.348
71088,6.812
71089,8.294
71090,8.769
81001,12.302
81002,9.484
81005,5.000
81006,9.414
81007,10.170
81008,6.988
81010,7.752
81013,8.672
81015,8.474
81017,8.142
81018,9.176
81019,7.660
81020,8.914
81021,7.628
81022,8.022
81023,8.170
81032,7.165
81033,9.728
81034,8.202
81036,5.000
81038,5.000
81039,5.934
81040,7.450
81042,8.147
81043,8.116
81044,7.210
81045,5.000
81047,10.176
81048,9.262
81049,9.936
81050,7.718
81051,5.000
81054,9.548
81056,9.764
81057,9.762
81058,5.000
81059,7.053
81062,5.000
81063,10.530
81064,5.000
81065,8.420
81066,10.340
81068,5.000
81070,5.000
81071,5.000
81072,5.000
81073,5.000
81074,5.000
81075,5.000
81076,5.000
81077,9.404
81078,5.000
81079,5.000
81080,5.668
81081,5.000
81082,6.458
81083,5.000
81084,8.775
81085,7.354
81086,7.096
81087,7.555
81088,8.666
81089,8.126
81090,10.276
81091,8.946
81092,7.058
81093,5.000
81095,9.092
81096,9.824
81097,7.928
81098,8.848
91001,7.230
91003,5.508
91004,7.944
91006,5.000
91007,5.000
91008,5.000
91009,6.550
91010,5.000
91011,5.852
91012,7.510
91013,8.133
91014,5.000
91015,5.000
91016,5.000
91018,6.866
91021,5.000
91022,8.012
91029,5.000
91030,5.000
91032,5.000
91038,5.000
91041,7.681
91042,5.000
91043,8.093
91045,5.000
91050,5.000
91051,6.838
91053,5.000
91054,11.704
91055,6.958
91056,5.000
91057,5.404
91058,10.268
91059,5.000
91060,5.000
91061,11.138
91062,5.000
91063,5.000
91064,8.506
91065,6.791
91066,5.810
91915,12.508
91917,10.704
91923,5.000
91924,7.199
